<?xml version="1.0" encoding="UTF-8"?>
<GenRun Id="synth_1" LaunchPart="xc7z010iclg225-1L" LaunchTime="1539006193">
  <File Type="VDS-TIMING-PB" Name="oneBitFullAdder_timing_summary_synth.pb"/>
  <File Type="VDS-TIMINGSUMMARY" Name="oneBitFullAdder_timing_summary_synth.rpt"/>
  <File Type="RDS-DCP" Name="oneBitFullAdder.dcp"/>
  <File Type="PA-TCL" Name="oneBitFullAdder.tcl"/>
  <File Type="REPORTS-TCL" Name="oneBitFullAdder_reports.tcl"/>
  <File Type="RDS-RDS" Name="oneBitFullAdder.vds"/>
  <File Type="RDS-PROPCONSTRS" Name="oneBitFullAdder_drc_synth.rpt"/>
  <File Type="RDS-UTIL" Name="oneBitFullAdder_utilization_synth.rpt"/>
  <File Type="RDS-UTIL-PB" Name="oneBitFullAdder_utilization_synth.pb"/>
  <FileSet Name="sources" Type="DesignSrcs" RelSrcDir="$PSRCDIR/sources_1">
    <Filter Type="Srcs"/>
    <File Path="$PSRCDIR/sources_1/new/oneBitFullAdder.vhd">
      <FileInfo>
        <Attr Name="UsedIn" Val="synthesis"/>
        <Attr Name="UsedIn" Val="simulation"/>
      </FileInfo>
    </File>
    <Config>
      <Option Name="DesignMode" Val="RTL"/>
      <Option Name="TopModule" Val="oneBitFullAdder"/>
      <Option Name="TopAutoSet" Val="TRUE"/>
    </Config>
  </FileSet>
  <FileSet Name="constrs_in" Type="Constrs" RelSrcDir="$PSRCDIR/constrs_1">
    <Filter Type="Constrs"/>
    <Config>
      <Option Name="ConstrsType" Val="XDC"/>
    </Config>
  </FileSet>
  <Strategy Version="1" Minor="2">
    <StratHandle Name="Vivado Synthesis Defaults" Flow="Vivado Synthesis 2018"/>
    <Step Id="synth_design"/>
  </Strategy>
</GenRun>
