<?xml version="1.0" encoding="UTF-8"?>
<GenRun Id="impl_1" LaunchPart="xc7z010iclg225-1L" LaunchTime="1539006250">
  <File Type="WBT-USG" Name="usage_statistics_webtalk.html"/>
  <File Type="BG-DRC" Name="oneBitFullAdder.drc"/>
  <File Type="BG-BGN" Name="oneBitFullAdder.bgn"/>
  <File Type="BITSTR-SYSDEF" Name="oneBitFullAdder.sysdef"/>
  <File Type="BITSTR-LTX" Name="debug_nets.ltx"/>
  <File Type="BITSTR-LTX" Name="oneBitFullAdder.ltx"/>
  <File Type="BITSTR-MMI" Name="oneBitFullAdder.mmi"/>
  <File Type="BITSTR-BMM" Name="oneBitFullAdder_bd.bmm"/>
  <File Type="BITSTR-NKY" Name="oneBitFullAdder.nky"/>
  <File Type="BITSTR-RBT" Name="oneBitFullAdder.rbt"/>
  <File Type="BITSTR-MSK" Name="oneBitFullAdder.msk"/>
  <File Type="BG-BIN" Name="oneBitFullAdder.bin"/>
  <File Type="BG-BIT" Name="oneBitFullAdder.bit"/>
  <File Type="POSTROUTE-PHYSOPT-BUS-SKEW-RPX" Name="oneBitFullAdder_bus_skew_postroute_physopted.rpx"/>
  <File Type="POSTROUTE-PHYSOPT-BUS-SKEW-PB" Name="oneBitFullAdder_bus_skew_postroute_physopted.pb"/>
  <File Type="POSTROUTE-PHYSOPT-BUS-SKEW" Name="oneBitFullAdder_bus_skew_postroute_physopted.rpt"/>
  <File Type="RDI-RDI" Name="oneBitFullAdder.vdi"/>
  <File Type="POSTROUTE-PHYSOPT-TIMING-RPX" Name="oneBitFullAdder_timing_summary_postroute_physopted.rpx"/>
  <File Type="POSTROUTE-PHYSOPT-TIMING-PB" Name="oneBitFullAdder_timing_summary_postroute_physopted.pb"/>
  <File Type="POSTROUTE-PHYSOPT-TIMING" Name="oneBitFullAdder_timing_summary_postroute_physopted.rpt"/>
  <File Type="POSTROUTE-PHYSOPT-BLACKBOX-DCP" Name="oneBitFullAdder_postroute_physopt_bb.dcp"/>
  <File Type="POSTROUTE-PHYSOPT-DCP" Name="oneBitFullAdder_postroute_physopt.dcp"/>
  <File Type="ROUTE-BUS-SKEW" Name="oneBitFullAdder_bus_skew_routed.rpt"/>
  <File Type="ROUTE-CLK" Name="oneBitFullAdder_clock_utilization_routed.rpt"/>
  <File Type="ROUTE-SIMILARITY" Name="oneBitFullAdder_incremental_reuse_routed.rpt"/>
  <File Type="ROUTE-TIMING-RPX" Name="oneBitFullAdder_timing_summary_routed.rpx"/>
  <File Type="ROUTE-TIMING-PB" Name="oneBitFullAdder_timing_summary_routed.pb"/>
  <File Type="ROUTE-TIMINGSUMMARY" Name="oneBitFullAdder_timing_summary_routed.rpt"/>
  <File Type="ROUTE-STATUS-PB" Name="oneBitFullAdder_route_status.pb"/>
  <File Type="ROUTE-STATUS" Name="oneBitFullAdder_route_status.rpt"/>
  <File Type="ROUTE-PWR-RPX" Name="oneBitFullAdder_power_routed.rpx"/>
  <File Type="ROUTE-PWR-SUM" Name="oneBitFullAdder_power_summary_routed.pb"/>
  <File Type="ROUTE-PWR" Name="oneBitFullAdder_power_routed.rpt"/>
  <File Type="ROUTE-METHODOLOGY-DRC-PB" Name="oneBitFullAdder_methodology_drc_routed.pb"/>
  <File Type="ROUTE-METHODOLOGY-DRC-RPX" Name="oneBitFullAdder_methodology_drc_routed.rpx"/>
  <File Type="ROUTE-METHODOLOGY-DRC" Name="oneBitFullAdder_methodology_drc_routed.rpt"/>
  <File Type="ROUTE-DRC-RPX" Name="oneBitFullAdder_drc_routed.rpx"/>
  <File Type="ROUTE-DRC-PB" Name="oneBitFullAdder_drc_routed.pb"/>
  <File Type="ROUTE-DRC" Name="oneBitFullAdder_drc_routed.rpt"/>
  <File Type="ROUTE-BLACKBOX-DCP" Name="oneBitFullAdder_routed_bb.dcp"/>
  <File Type="ROUTE-DCP" Name="oneBitFullAdder_routed.dcp"/>
  <File Type="ROUTE-ERROR-DCP" Name="oneBitFullAdder_routed_error.dcp"/>
  <File Type="PHYSOPT-TIMING" Name="oneBitFullAdder_timing_summary_physopted.rpt"/>
  <File Type="PHYSOPT-DRC" Name="oneBitFullAdder_drc_physopted.rpt"/>
  <File Type="PHYSOPT-DCP" Name="oneBitFullAdder_physopt.dcp"/>
  <File Type="POSTPLACE-PWROPT-TIMING" Name="oneBitFullAdder_timing_summary_postplace_pwropted.rpt"/>
  <File Type="POSTPLACE-PWROPT-DCP" Name="oneBitFullAdder_postplace_pwropt.dcp"/>
  <File Type="PLACE-TIMING" Name="oneBitFullAdder_timing_summary_placed.rpt"/>
  <File Type="PLACE-PRE-SIMILARITY" Name="oneBitFullAdder_incremental_reuse_pre_placed.rpt"/>
  <File Type="PLACE-SIMILARITY" Name="oneBitFullAdder_incremental_reuse_placed.rpt"/>
  <File Type="PLACE-CTRL" Name="oneBitFullAdder_control_sets_placed.rpt"/>
  <File Type="PLACE-UTIL-PB" Name="oneBitFullAdder_utilization_placed.pb"/>
  <File Type="PLACE-UTIL" Name="oneBitFullAdder_utilization_placed.rpt"/>
  <File Type="PLACE-CLK" Name="oneBitFullAdder_clock_utilization_placed.rpt"/>
  <File Type="PLACE-IO" Name="oneBitFullAdder_io_placed.rpt"/>
  <File Type="PLACE-DCP" Name="oneBitFullAdder_placed.dcp"/>
  <File Type="PWROPT-TIMING" Name="oneBitFullAdder_timing_summary_pwropted.rpt"/>
  <File Type="PWROPT-DRC" Name="oneBitFullAdder_drc_pwropted.rpt"/>
  <File Type="PWROPT-DCP" Name="oneBitFullAdder_pwropt.dcp"/>
  <File Type="OPT-TIMING" Name="oneBitFullAdder_timing_summary_opted.rpt"/>
  <File Type="OPT-HWDEF" Name="oneBitFullAdder.hwdef"/>
  <File Type="OPT-METHODOLOGY-DRC" Name="oneBitFullAdder_methodology_drc_opted.rpt"/>
  <File Type="OPT-DRC" Name="oneBitFullAdder_drc_opted.rpt"/>
  <File Type="OPT-DCP" Name="oneBitFullAdder_opt.dcp"/>
  <File Type="INIT-TIMING" Name="oneBitFullAdder_timing_summary_init.rpt"/>
  <File Type="ROUTE-BUS-SKEW-RPX" Name="oneBitFullAdder_bus_skew_routed.rpx"/>
  <File Type="REPORTS-TCL" Name="oneBitFullAdder_reports.tcl"/>
  <File Type="ROUTE-BUS-SKEW-PB" Name="oneBitFullAdder_bus_skew_routed.pb"/>
  <File Type="PA-TCL" Name="oneBitFullAdder.tcl"/>
  <FileSet Name="sources" Type="DesignSrcs" RelSrcDir="$PSRCDIR/sources_1">
    <Filter Type="Srcs"/>
    <File Path="$PSRCDIR/sources_1/new/oneBitFullAdder.vhd">
      <FileInfo>
        <Attr Name="UsedIn" Val="synthesis"/>
        <Attr Name="UsedIn" Val="simulation"/>
      </FileInfo>
    </File>
    <Config>
      <Option Name="DesignMode" Val="RTL"/>
      <Option Name="TopModule" Val="oneBitFullAdder"/>
      <Option Name="TopAutoSet" Val="TRUE"/>
    </Config>
  </FileSet>
  <FileSet Name="constrs_in" Type="Constrs" RelSrcDir="$PSRCDIR/constrs_1">
    <Filter Type="Constrs"/>
    <Config>
      <Option Name="ConstrsType" Val="XDC"/>
    </Config>
  </FileSet>
  <Strategy Version="1" Minor="2">
    <StratHandle Name="Vivado Implementation Defaults" Flow="Vivado Implementation 2018"/>
    <Step Id="init_design"/>
    <Step Id="opt_design"/>
    <Step Id="power_opt_design"/>
    <Step Id="place_design"/>
    <Step Id="post_place_power_opt_design"/>
    <Step Id="phys_opt_design"/>
    <Step Id="route_design"/>
    <Step Id="post_route_phys_opt_design"/>
    <Step Id="write_bitstream"/>
  </Strategy>
</GenRun>
